0,2.81386971473694,3.16255688667297,2.58418989181519,4.03172302246094,0,0,0,0,0,0,0,0,0,2.31325173377991,2.95826125144958,0,3.26420164108276,0,3.08437013626099,0,0,0,0,0,0,0,3.78888821601868,0,0,5.99999856948853,1.61428546905518,3.75409841537476,1.50105774402618,7.47916650772095,5.5753059387207,2.19444441795349,3.07428574562073,0,0,3.62146353721619,4.08482360839844
2.81386971473694,0,5.10419845581055,6.84573650360107,4.90976190567017,10.0125007629395,0,0,0,0,0,0,0,0,2.68924427032471,3.9392294883728,0,4.45902299880981,1.97142899036407,3.18790340423584,0,6.30000114440918,0,0,0,0,0,6.52559566497803,10.1500005722046,0,7.57028293609619,7.2270770072937,4.59758281707764,2.27466201782227,7.01298141479492,5.70087862014771,3.35588240623474,3.87191009521484,0,0,4.67010974884033,6.05441904067993
3.16255688667297,5.10419845581055,0,8.3027286529541,5.96467208862305,10.0125007629395,0,0,0,0,0,0,0,0,3.50112366676331,5.50214242935181,0,5.59963703155518,0,3.56751465797424,0,6.15555572509766,0,0,0,0,0,6.74396467208862,10.1500005722046,0,7.87297296524048,7.82276105880737,1.54824566841125,3.84522294998169,8.4147367477417,2.01666641235352,3,5.25862073898315,0,0,6.36507654190063,7.35027503967285
2.58418989181519,6.84573650360107,8.3027286529541,0,2.43323373794556,2.10011577606201,0,2.51941752433777,2.25319147109985,3.22795391082764,2.65808367729187,0,2.84678363800049,3.88750028610229,2.71219539642334,5.30588245391846,0.720779240131378,2.32365584373474,2.32202506065369,1.9154235124588,2.52154636383057,1.17179477214813,2.20070576667786,0,2.66459178924561,0,2.74959135055542,6.88044738769531,2.66803503036499,6.49999904632568,5.313636302948,5.20000171661377,1.32818460464478,2.11882352828979,2.37430214881897,1.4347972869873,3.64608836174011,2.38585352897644,2.20361089706421,0,6.36309146881104,8.95714282989502
4.03172302246094,4.90976190567017,5.96467208862305,2.43323373794556,0,2.77101445198059,0,0,2.09591817855835,3.12985062599182,0,0,0,0,2.59679484367371,6.12491273880005,0,4.40542030334473,1.8081020116806,2.6601254940033,2.74484467506409,1.59988939762115,2.45075988769531,0,2.57407402992249,5.89999961853027,2.39999961853027,5.57188415527344,3.25550007820129,2.09090948104858,6.19999885559082,5.7209677696228,2.37803149223328,2.50816965103149,3.21864342689514,4.02904891967773,4.16497468948364,4.21044063568115,2.55000066757202,0,4.69364070892334,7.03917551040649
0,10.0125007629395,10.0125007629395,2.10011577606201,2.77101445198059,0,0,1.63111102581024,1.57364010810852,0,2.31498193740845,0,4.06666707992554,5.02000045776367,0,0,0,5.97027063369751,1.70000028610229,1.32916676998138,1.52499997615814,2.52500009536743,2.31166672706604,0,2.35619068145752,0,2.27532458305359,9.91111183166504,2.35125041007996,0,0,0,3.76666712760925,0,2.67345786094666,1.32941174507141,0,5.04999876022339,2.64003753662109,0,5.79787302017212,0
0,0,0,0,0,0,0,0,0,0,0,0,0,0,0,0,0,0,0,0,0,0,0,0,0,0,0,0,0,0,0,0,0,0,0,0,0,0,0,0,0,0
0,0,0,2.51941752433777,0,1.63111102581024,0,0,2.229660987854,0,1.93980574607849,1.48977267742157,1.82531642913818,1.85135138034821,0,0,0,0,0,0,0,0,0,0,0,0,1.86666655540466,0,1.71473681926727,0,0,0,0,0,0,0,0,0,1.96273291110992,0,0,0
0,0,0,2.25319147109985,2.09591817855835,1.57364010810852,0,2.229660987854,0,2.05888891220093,1.61490380764008,0,3.23333334922791,4.75,0,0,0,3.5799994468689,0,0,0,0,3.41052651405334,0,3.5,0,3.96249938011169,0,2.46800422668457,0,0,0,0,0,2.54583334922791,0,0,0,0,0,3.62499952316284,0
0,0,0,3.22795391082764,3.12985062599182,0,0,0,2.05888891220093,0,0,0,0,0,0,0,0,0,0,0,3.88714289665222,0,3.25751876831055,0,3.25258612632751,0,0,7.91333436965942,2.33333349227905,2.09270834922791,0,0,0,0,3.10370373725891,0,0,0,0,0,8.03077030181885,0
0,0,0,2.65808367729187,0,2.31498193740845,0,1.93980574607849,1.61490380764008,0,0,1.24686563014984,2.32840895652771,2.43906235694885,0,0,0,0,0,0,0,0,0,0,0,0,1.87058794498444,0,2.47702312469482,0,0,0,0,0,3.52799987792969,0,0,0,0,0,0,0
0,0,0,0,0,0,0,1.48977267742157,0,0,1.24686563014984,0,1.55070412158966,1.76666665077209,0,0,0,0,0,0,0,0,0,0,0,0,1.72857141494751,0,2.32531642913818,0,0,0,0,0,0,0,0,0,3.13333296775818,0,0,0
0,0,0,2.84678363800049,0,4.06666707992554,0,1.82531642913818,3.23333334922791,0,2.32840895652771,1.55070412158966,0,1.86246240139008,0,0,0,0,0,0,0,0,0,0,3.24928212165833,0,1.83111476898193,0,2.28140449523926,0,0,0,0,0,4.8714280128479,0,0,0,2.01166653633118,0,0,0
0,0,0,3.88750028610229,0,5.02000045776367,0,1.85135138034821,4.75,0,2.43906235694885,1.76666665077209,1.86246240139008,0,0,0,0,0,0,0,0,0,0,0,3.23652148246765,0,2.11713027954102,0,2.80670094490051,0,0,0,0,0,0,0,0,0,3.21666693687439,0,0,0
2.31325173377991,2.68924427032471,3.50112366676331,2.71219539642334,2.59679484367371,0,0,0,0,0,0,0,0,0,0,2.61549162864685,0,3.28327059745789,0,2.2923903465271,0,0,0,0,0,0,0,0,0,0,0,0,1.68769228458405,1.18882691860199,6.27272748947144,2.45660901069641,0,4.60000085830688,0,0,3.16929602622986,2.50395488739014
2.95826125144958,3.9392294883728,5.50214242935181,5.30588245391846,6.12491273880005,0,0,0,0,0,0,0,0,0,2.61549162864685,0,0,4.29311513900757,0,3.83482313156128,0,6.01000022888184,0,0,0,0,0,7.15265846252441,0,0,8.08172035217285,7.33790826797485,8.11666679382324,2.302494764328,7.38764572143555,7.56613826751709,0,5.66294622421265,0,0,3.60802841186523,5.38947725296021
0,0,0,0.720779240131378,0,0,0,0,0,0,0,0,0,0,0,0,0,0.917263865470886,0,0,0,0,0,0,0,0,0,0,0,0,0,0,1.04053258895874,1.08356177806854,0,0,0.740153431892395,1.76666676998138,0.871250033378601,0,0,0
3.26420164108276,4.45902299880981,5.59963703155518,2.32365584373474,4.40542030334473,5.97027063369751,0,0,3.5799994468689,0,0,0,0,0,3.28327059745789,4.29311513900757,0.917263865470886,0,0,4.13236236572266,0,6.15555572509766,0,0,0,0,0,7.13105010986328,5.43947410583496,0,8.13242530822754,8.19692325592041,1.50731456279755,1.91118609905243,6.03636407852173,7.18333387374878,1.84181690216064,2.38095951080322,1.95148515701294,0,4.23383045196533,7.63819789886475
0,1.97142899036407,0,2.32202506065369,1.8081020116806,1.70000028610229,0,0,0,0,0,0,0,0,0,0,0,0,0,1.1723301410675,5.42500019073486,0,5.61999988555908,0,0,0,0,2.69866633415222,0,0,0,0,2.17383718490601,0,1.7948294878006,1.44833338260651,4.83312892913818,0,3.41800022125244,0,0,0
3.08437013626099,3.18790340423584,3.56751465797424,1.9154235124588,2.6601254940033,1.32916676998138,0,0,0,0,0,0,0,0,2.2923903465271,3.83482313156128,0,4.13236236572266,1.1723301410675,0,3.81636667251587,2.16420078277588,5.01020431518555,4.72000026702881,5.42282581329346,3.86506414413452,4.75547170639038,3.01434350013733,5.14626884460449,0,2.99031448364258,2.40383458137512,3.40165734291077,2.34367918968201,3.04164147377014,3.21801781654358,3.61587309837341,4.56172227859497,2.84999990463257,0,4.30496835708618,3.67569804191589
0,0,0,2.52154636383057,2.74484467506409,1.52499997615814,0,0,0,3.88714289665222,0,0,0,0,0,0,0,0,5.42500019073486,3.81636667251587,0,2.57734704017639,2.26817440986633,0,2.85189199447632,4.91333293914795,1.36077344417572,3.26176476478577,2.40000057220459,0,5.30215072631836,5.32692289352417,6.246666431427,0,2.29939413070679,0,0,0,0,0,8.21470546722412,6.27500009536743
0,6.30000114440918,6.15555572509766,1.17179477214813,1.59988939762115,2.52500009536743,0,0,0,0,0,0,0,0,0,6.01000022888184,0,6.15555572509766,0,2.16420078277588,2.57734704017639,0,1.29768979549408,2.27877426147461,1.69520020484924,2.37263679504395,1.74999988079071,2.16006135940552,2.22857141494751,0,2.07168316841125,3.23792195320129,5.99999904632568,5.95000123977661,3.0071427822113,1.36753225326538,0,0,0,0,0,4.4777774810791
0,0,0,2.20070576667786,2.45075988769531,2.31166672706604,0,0,3.41052651405334,3.25751876831055,0,0,0,0,0,0,0,0,5.61999988555908,5.01020431518555,2.26817440986633,1.29768979549408,0,1.29180335998535,2.1696605682373,5.15749979019165,2.12605333328247,2.8706750869751,1.90095233917236,0,5.63385820388794,5.82499980926514,6.59999990463257,0,1.95937502384186,0,0,0,0.59999942779541,0,7.90000104904175,6.41666650772095
0,0,0,0,0,0,0,0,0,0,0,0,0,0,0,0,0,0,0,4.72000026702881,0,2.27877426147461,1.29180335998535,0,1.15280377864838,1.46350705623627,0.729268312454224,3.01023268699646,0,0,3.81428551673889,3.84014081954956,0,0,0,0,0,0,0,0,0,0
0,0,0,2.66459178924561,2.57407402992249,2.35619068145752,0,0,3.5,3.25258612632751,0,0,3.24928212165833,3.23652148246765,0,0,0,0,0,5.42282581329346,2.85189199447632,1.69520020484924,2.1696605682373,1.15280377864838,0,1.29887068271637,1.98598539829254,2.78663992881775,2.41348433494568,6.49999904632568,5.79011011123657,5.942307472229,5.10000085830688,0,1.69414055347443,0,0,0,1.96339499950409,0,0,6.48999929428101
0,0,0,0,5.89999961853027,0,0,0,0,0,0,0,0,0,0,0,0,0,0,3.86506414413452,4.91333293914795,2.37263679504395,5.15749979019165,1.46350705623627,1.29887068271637,0,1.55614519119263,2.40286779403687,0,0,2.38587284088135,3.6294116973877,0,0,0,0,0,0,0,0,0,4.30437040328979
0,0,0,2.74959135055542,2.39999961853027,2.27532458305359,0,1.86666655540466,3.96249938011169,0,1.87058794498444,1.72857141494751,1.83111476898193,2.11713027954102,0,0,0,0,0,4.75547170639038,1.36077344417572,1.74999988079071,2.12605333328247,0.729268312454224,1.98598539829254,1.55614519119263,0,2.7093813419342,2.1906566619873,0,5.27948760986328,5.25510215759277,5.20000028610229,0,4.58999919891357,0,0,0,2.71989488601685,0,0,5.59370040893555
3.78888821601868,6.52559566497803,6.74396467208862,6.88044738769531,5.57188415527344,9.91111183166504,0,0,0,7.91333436965942,0,0,0,0,0,7.15265846252441,0,7.13105010986328,2.69866633415222,3.01434350013733,3.26176476478577,2.16006135940552,2.8706750869751,3.01023268699646,2.78663992881775,2.40286779403687,2.7093813419342,0,5.18229150772095,0,2.76022744178772,3.02806901931763,5.27623796463013,7.79019594192505,6.21047925949097,4.62697076797485,0,8.31615829467773,0,0,6.89035367965698,4.18795251846313
0,10.1500005722046,10.1500005722046,2.66803503036499,3.25550007820129,2.35125041007996,0,1.71473681926727,2.46800422668457,2.33333349227905,2.47702312469482,2.32531642913818,2.28140449523926,2.80670094490051,0,0,0,5.43947410583496,0,5.14626884460449,2.40000057220459,2.22857141494751,1.90095233917236,0,2.41348433494568,0,2.1906566619873,5.18229150772095,0,1.94444453716278,5.72999954223633,5.91249942779541,3.60000038146973,0,3.32926249504089,0,1.62023413181305,5.04999876022339,2.1333270072937,0,5.46000003814697,6.60000228881836
0,0,0,6.49999904632568,2.09090948104858,0,0,0,0,2.09270834922791,0,0,0,0,0,0,0,0,0,0,0,0,0,0,6.49999904632568,0,0,0,1.94444453716278,0,0,0,0,0,0,0,0,0,0,0,0,0
5.99999856948853,7.57028293609619,7.87297296524048,5.313636302948,6.19999885559082,0,0,0,0,0,0,0,0,0,0,8.08172035217285,0,8.13242530822754,0,2.99031448364258,5.30215072631836,2.07168316841125,5.63385820388794,3.81428551673889,5.79011011123657,2.38587284088135,5.27948760986328,2.76022744178772,5.72999954223633,0,0,2.32571363449097,0,9.10000038146973,0,0,0,8.60000038146973,0,0,8.09972953796387,3.58621764183044
1.61428546905518,7.2270770072937,7.82276105880737,5.20000171661377,5.7209677696228,0,0,0,0,0,0,0,0,0,0,7.33790826797485,0,8.19692325592041,0,2.40383458137512,5.32692289352417,3.23792195320129,5.82499980926514,3.84014081954956,5.942307472229,3.6294116973877,5.25510215759277,3.02806901931763,5.91249942779541,0,2.32571363449097,0,0,9.13333415985107,7.95000028610229,7.91111183166504,0,8.60000038146973,0,0,6.55203819274902,2.78336787223816
3.75409841537476,4.59758281707764,1.54824566841125,1.32818460464478,2.37803149223328,3.76666712760925,0,0,0,0,0,0,0,0,1.68769228458405,8.11666679382324,1.04053258895874,1.50731456279755,2.17383718490601,3.40165734291077,6.246666431427,5.99999904632568,6.59999990463257,0,5.10000085830688,0,5.20000028610229,5.27623796463013,3.60000038146973,0,0,0,0,1.30416929721832,2.08361911773682,2.69144582748413,1.6484375,1.74853646755219,1.19248390197754,0,7.47232961654663,8.02871322631836
1.50105774402618,2.27466201782227,3.84522294998169,2.11882352828979,2.50816965103149,0,0,0,0,0,0,0,0,0,1.18882691860199,2.302494764328,1.08356177806854,1.91118609905243,0,2.34367918968201,0,5.95000123977661,0,0,0,0,0,7.79019594192505,0,0,9.10000038146973,9.13333415985107,1.30416929721832,0,0,1.80663251876831,1.97087800502777,2.10134840011597,1.73982870578766,0,8.05980396270752,9.05818176269531
7.47916650772095,7.01298141479492,8.4147367477417,2.37430214881897,3.21864342689514,2.67345786094666,0,0,2.54583334922791,3.10370373725891,3.52799987792969,0,4.8714280128479,0,6.27272748947144,7.38764572143555,0,6.03636407852173,1.7948294878006,3.04164147377014,2.29939413070679,3.0071427822113,1.95937502384186,0,1.69414055347443,0,4.58999919891357,6.21047925949097,3.32926249504089,0,0,7.95000028610229,2.08361911773682,0,0,4.48716163635254,4.50368356704712,5.04999876022339,1.98291707038879,0,7.32800626754761,7.76957941055298
5.5753059387207,5.70087862014771,2.01666641235352,1.4347972869873,4.02904891967773,1.32941174507141,0,0,0,0,0,0,0,0,2.45660901069641,7.56613826751709,0,7.18333387374878,1.44833338260651,3.21801781654358,0,1.36753225326538,0,0,0,0,0,4.62697076797485,0,0,0,7.91111183166504,2.69144582748413,1.80663251876831,4.48716163635254,0,0,0,2.84999990463257,0,7.22520542144775,7.75081586837769
2.19444441795349,3.35588240623474,3,3.64608836174011,4.16497468948364,0,0,0,0,0,0,0,0,0,0,0,0.740153431892395,1.84181690216064,4.83312892913818,3.61587309837341,0,0,0,0,0,0,0,0,1.62023413181305,0,0,0,1.6484375,1.97087800502777,4.50368356704712,0,0,1.90231645107269,1.59385883808136,0,0,0
3.07428574562073,3.87191009521484,5.25862073898315,2.38585352897644,4.21044063568115,5.04999876022339,0,0,0,0,0,0,0,0,4.60000085830688,5.66294622421265,1.76666676998138,2.38095951080322,0,4.56172227859497,0,0,0,0,0,0,0,8.31615829467773,5.04999876022339,0,8.60000038146973,8.60000038146973,1.74853646755219,2.10134840011597,5.04999876022339,0,1.90231645107269,0,2.63455486297607,0,6.18787813186646,8.60000038146973
0,0,0,2.20361089706421,2.55000066757202,2.64003753662109,0,1.96273291110992,0,0,0,3.13333296775818,2.01166653633118,3.21666693687439,0,0,0.871250033378601,1.95148515701294,3.41800022125244,2.84999990463257,0,0,0.59999942779541,0,1.96339499950409,0,2.71989488601685,0,2.1333270072937,0,0,0,1.19248390197754,1.73982870578766,1.98291707038879,2.84999990463257,1.59385883808136,2.63455486297607,0,0,0,0
0,0,0,0,0,0,0,0,0,0,0,0,0,0,0,0,0,0,0,0,0,0,0,0,0,0,0,0,0,0,0,0,0,0,0,0,0,0,0,0,0,0
3.62146353721619,4.67010974884033,6.36507654190063,6.36309146881104,4.69364070892334,5.79787302017212,0,0,3.62499952316284,8.03077030181885,0,0,0,0,3.16929602622986,3.60802841186523,0,4.23383045196533,0,4.30496835708618,8.21470546722412,0,7.90000104904175,0,0,0,0,6.89035367965698,5.46000003814697,0,8.09972953796387,6.55203819274902,7.47232961654663,8.05980396270752,7.32800626754761,7.22520542144775,0,6.18787813186646,0,0,0,5.88877105712891
4.08482360839844,6.05441904067993,7.35027503967285,8.95714282989502,7.03917551040649,0,0,0,0,0,0,0,0,0,2.50395488739014,5.38947725296021,0,7.63819789886475,0,3.67569804191589,6.27500009536743,4.4777774810791,6.41666650772095,0,6.48999929428101,4.30437040328979,5.59370040893555,4.18795251846313,6.60000228881836,0,3.58621764183044,2.78336787223816,8.02871322631836,9.05818176269531,7.76957941055298,7.75081586837769,0,8.60000038146973,0,0,5.88877105712891,0
